date,open,high,close,low,volume,price_change,p_change,ma5,ma10,ma20,v_ma5,v_ma10,v_ma20,turnover
2015-11-13,53.7,56.75,52.62,50.49,102727.88,-1.49,-2.75,50.762,47.205,46.189,85917.12,68508.6,71722.26,6.25
2015-11-12,49.19,54.11,54.11,49.19,100513.16,4.92,10.0,49.424,46.373,45.727,76779.4,61889.16,70231.28,6.12
2015-11-11,48.55,49.78,49.19,48.06,57294.27,-0.05,-0.1,47.458,45.472,45.169,68222.27,55701.18,68823.31,3.49
2015-11-10,47.99,50.9,49.24,47.55,73483.74,0.59,1.21,46.476,45.018,44.797,68174.97,57269.86,69913.48,4.47
2015-11-09,46.02,50.52,48.65,45.5,95566.55,2.72,5.92,44.964,44.824,44.519,59192.19,61005.38,72826.95,5.81
2015-11-06,44.7,46.61,45.93,44.7,57039.27,1.65,3.73,43.648,44.536,44.135,51100.08,56988.76,72365.46,3.47
2015-11-05,43.99,45.79,44.28,43.55,57727.52,0.0,0.0,43.322,44.585,43.81,46998.92,59341.39,73056.79,3.51
2015-11-04,42.01,44.4,44.28,42.0,57057.79,2.6,6.24,43.486,44.657,43.646,43180.09,62071.93,74642.15,3.47
2015-11-03,42.1,42.79,41.68,41.25,28569.84,-0.39,-0.93,43.56,44.403,43.444,46364.75,65710.6,71840.96,1.74
2015-11-02,42.0,44.3,42.07,41.0,55105.99,-2.23,-5.03,44.684,44.785,43.327,62818.57,69121.47,75159.14,3.35
2015-10-30,45.11,45.3,44.3,43.3,36533.45,-0.8,-1.77,45.424,45.173,43.314,62877.45,74935.93,81869.61,2.22
2015-10-29,44.9,45.33,45.1,43.27,38633.38,0.45,1.01,45.848,45.081,45.112,71683.87,78573.4,81772.34,2.35
2015-10-28,45.62,46.3,44.65,44.54,72981.1,-2.65,-5.6,45.828,44.866,46.506,80963.77,81945.44,81618.34,4.44
2015-10-27,47.2,48.53,47.3,45.12,110838.93,1.53,3.34,45.246,44.575,48.173,85056.44,82557.09,80435.0,6.74
2015-10-26,46.6,46.8,45.77,44.51,55400.37,-0.65,-1.4,44.886,44.214,49.608,75424.38,84648.52,77528.96,3.37
2015-10-23,44.77,47.15,46.42,44.0,80565.55,1.42,3.16,44.922,43.733,51.201,86994.41,87742.16,78095.35,4.9
2015-10-22,41.7,45.41,45.0,41.01,85032.89,3.26,7.81,44.314,43.034,52.695,85462.93,86772.18,75615.77,5.17
2015-10-21,45.1,47.73,41.74,41.0,93444.46,-3.76,-8.26,43.904,42.634,53.913,82927.1,87212.37,73206.53,5.69
2015-10-20,45.0,46.0,45.5,43.9,62678.62,-0.45,-0.98,43.904,42.485,54.978,80057.75,77971.33,69884.63,3.81
2015-10-19,43.38,46.87,45.95,43.38,113250.54,2.57,5.92,43.542,41.868,55.931,93872.67,81196.8,68058.33,6.89
2015-10-16,43.0,43.75,43.38,42.39,72908.13,0.43,1.0,42.544,41.454,56.569,88489.91,88803.29,63466.05,4.44
2015-10-15,40.9,43.58,42.95,40.9,72353.76,1.21,2.9,41.754,45.143,57.465,88081.44,84971.28,61189.26,4.4
2015-10-14,42.9,43.38,41.74,41.14,79097.68,-1.95,-4.46,41.364,48.145,58.517,91497.64,81291.24,58887.12,4.81
2015-10-13,40.5,45.06,43.69,39.96,131753.23,2.73,6.67,41.066,51.77,59.589,75884.9,78312.9,57240.13,8.02
2015-10-12,39.43,41.99,40.96,39.33,86336.77,1.53,3.88,40.194,55.001,60.43,68520.94,70409.39,53159.72,5.25
2015-10-09,40.85,40.85,39.43,38.62,70865.75,-1.57,-3.83,40.364,58.668,61.132,89116.66,68448.54,49899.99,4.31
2015-10-08,41.0,42.15,41.0,39.33,89434.77,1.67,4.25,48.532,62.355,61.736,81861.11,64459.36,47496.03,5.44
2015-10-07,40.55,43.0,40.25,40.25,1034.0,0.92,2.34,54.926,65.191,62.191,71084.84,59200.69,44691.08,0.06
2015-09-30,40.62,42.21,39.33,38.5,94933.4,-2.48,-5.93,62.474,67.471,62.94,80740.9,61797.94,45954.72,5.78
2015-09-29,41.31,44.15,41.81,39.7,189315.38,1.67,4.16,69.808,69.994,64.043,72297.84,54919.86,43537.57,11.52
2015-09-28,74.08,80.27,80.27,74.0,34588.01,7.3,10.0,76.972,71.683,65.363,47780.43,38128.81,36218.35,4.21
2015-09-25,78.0,78.56,72.97,72.07,35553.41,-5.02,-6.44,76.178,69.786,64.449,47057.61,37407.25,36121.32,4.33
2015-09-24,78.0,82.0,77.99,76.9,49314.31,1.99,2.62,75.456,68.889,63.661,47316.54,36483.0,36313.02,6.0
2015-09-23,75.53,77.8,76.0,74.06,52718.08,-1.63,-2.1,72.468,67.408,62.637,42854.97,36167.35,35176.74,6.41
2015-09-22,80.0,83.93,77.63,76.9,66728.32,1.33,1.74,70.18,65.858,62.032,37541.88,35910.05,33892.34,8.12
2015-09-21,69.81,76.3,76.3,69.81,30973.94,6.94,10.01,66.394,63.595,61.7,28477.19,31351.44,31590.08,3.77
2015-09-18,64.01,69.36,69.36,63.27,36848.03,6.31,10.01,63.394,61.116,61.581,27756.88,30532.7,30506.51,4.48
2015-09-17,63.0,68.1,63.05,62.69,27006.5,-1.51,-2.34,62.322,59.191,61.947,25649.46,30181.46,29546.63,3.29
2015-09-16,59.03,64.57,64.56,58.8,26152.62,5.86,9.98,62.348,58.41,62.485,29479.73,30111.5,29398.58,3.18
2015-09-15,58.99,61.8,58.7,57.3,21404.88,-2.6,-4.24,61.536,58.092,63.306,34278.22,32155.28,29005.77,2.6
2015-09-14,63.4,64.99,61.3,57.8,27372.39,-2.7,-4.22,60.796,59.042,64.576,34225.68,34307.89,28607.93,3.33
2015-09-11,62.88,66.77,64.0,62.1,26310.9,0.82,1.3,58.838,59.112,65.78,33308.52,34835.39,28130.56,3.2
2015-09-10,60.0,66.51,63.18,58.01,46157.86,2.68,4.43,56.06,58.432,66.802,34713.47,36143.05,28663.76,5.62
2015-09-09,55.75,60.5,60.5,55.5,50145.09,5.5,10.0,54.472,57.865,68.293,30743.26,34186.13,28567.47,6.1
2015-09-08,51.0,55.3,55.0,50.2,21142.14,3.49,6.78,54.648,58.205,69.655,30032.34,31874.63,27509.72,2.57
2015-09-07,50.85,53.86,51.51,50.85,22786.62,1.4,2.79,57.288,59.805,70.976,34390.11,31828.72,27887.72,2.77
2015-09-02,53.99,57.0,50.11,50.05,33335.64,-5.13,-9.29,59.386,62.046,72.226,36362.26,30480.32,27368.38,4.06
2015-09-01,58.4,58.64,55.24,55.24,26306.81,-6.14,-10.0,60.804,64.703,73.676,37572.63,28911.79,26819.19,3.2
2015-08-31,71.75,72.0,61.38,61.38,46590.48,-6.82,-10.0,61.258,66.559,75.063,37628.99,28685.66,27135.94,5.67
2015-08-28,63.5,68.2,68.2,61.18,42931.01,6.2,10.0,61.762,68.519,75.931,33716.93,25856.26,26138.04,5.22
2015-08-27,59.5,62.2,62.0,57.4,32647.37,4.8,8.39,62.322,70.109,76.896,29267.32,22907.97,26100.39,3.97
2015-08-26,59.79,61.95,57.2,55.03,39387.46,-0.31,-0.54,64.706,72.448,78.546,24598.37,21425.73,26491.88,4.79
2015-08-25,57.87,65.0,57.51,57.51,26588.63,-6.39,-10.0,68.602,75.172,80.768,20250.96,21184.48,26073.25,3.24
2015-08-24,72.0,72.0,63.9,63.9,27030.17,-7.1,-10.0,71.86,78.721,82.693,19742.34,22948.81,27664.16,3.29
2015-08-21,73.73,75.0,71.0,69.62,20682.98,-2.92,-3.95,75.276,81.106,84.448,17995.59,23144.8,30765.47,2.52
2015-08-20,76.0,76.0,73.92,73.8,9302.61,-2.76,-3.6,77.896,82.147,85.788,16548.63,23946.72,31633.12,1.13
2015-08-19,70.86,77.0,76.68,70.86,17650.43,2.88,3.9,80.19,82.405,86.925,18253.08,24256.45,32231.83,2.15
2015-08-18,81.2,82.59,73.8,72.88,24045.5,-7.18,-8.87,81.742,82.649,87.868,22117.99,24726.59,32332.78,2.93
2015-08-17,84.09,84.88,80.98,80.01,18296.45,-3.12,-3.71,85.582,83.567,89.042,26155.27,25586.22,32751.03,2.23
2015-08-14,85.38,86.28,84.1,83.1,13448.14,-1.29,-1.51,86.936,83.343,89.52,28294.01,26419.81,33383.56,1.64
2015-08-13,82.5,85.8,85.39,81.18,17824.9,0.95,1.12,86.398,83.682,89.536,31344.81,29292.81,34395.08,2.17
2015-08-12,91.4,91.7,84.44,83.8,36974.95,-8.56,-9.2,84.62,84.643,89.166,30259.82,31558.04,35603.29,4.5
2015-08-11,88.0,94.48,93.0,87.0,44231.93,5.25,5.98,83.556,86.364,89.028,27335.19,30962.01,34933.11,5.38
2015-08-10,82.51,88.8,87.75,81.57,28990.13,6.34,7.79,81.552,86.664,88.916,25017.17,32379.52,32977.61,3.53
2015-08-07,76.96,82.16,81.41,76.96,28702.16,4.91,6.42,79.75,87.789,88.653,24545.61,38386.13,31645.3,3.49
2015-08-06,77.0,79.6,76.5,75.16,12399.91,-2.62,-3.31,80.966,89.429,88.333,27240.8,39319.52,31565.2,1.51
2015-08-05,81.91,84.43,79.12,78.8,22351.81,-3.86,-4.65,84.666,91.444,88.523,32856.26,40207.21,31981.05,2.72
2015-08-04,75.0,83.83,82.98,75.0,32641.84,4.24,5.38,89.172,93.086,89.028,34588.84,39938.97,32070.72,3.97
2015-08-03,84.3,84.48,78.74,78.74,26632.34,-8.75,-10.0,91.776,94.516,89.591,39741.88,39915.84,32620.15,3.24
2015-07-31,92.0,94.26,87.49,85.5,42178.09,-7.51,-7.91,95.828,95.697,89.938,52226.65,40347.31,33300.37,5.13
2015-07-30,99.92,110.0,95.0,94.51,40477.21,-6.65,-6.54,97.892,95.39,90.324,51398.25,39497.36,32462.99,4.92
2015-07-29,97.19,101.65,101.65,86.48,31014.72,5.65,5.88,98.222,93.689,90.864,47558.17,39648.54,31234.13,3.77
2015-07-28,89.1,102.5,96.0,89.1,58407.02,-3.0,-3.03,97.0,91.692,91.466,45289.09,38904.2,30186.23,7.11
2015-07-27,93.01,107.59,99.0,93.01,89056.2,1.19,1.22,97.256,91.167,92.345,40089.8,33575.69,28017.93,10.84
2015-07-24,96.5,100.0,97.81,92.89,38036.09,1.16,1.2,95.566,89.517,93.07,28467.96,24904.46,24405.74,4.63
2015-07-23,95.35,97.9,96.65,92.5,21276.81,1.11,1.16,92.888,87.236,94.06,27596.47,23810.88,23124.21,2.59
2015-07-22,96.0,99.5,95.54,92.01,19669.33,-1.74,-1.79,89.156,85.601,95.677,31738.91,23754.88,23137.02,2.39
2015-07-21,87.98,98.2,97.28,86.06,32410.58,6.73,7.43,86.384,84.969,97.287,32519.31,24202.48,23105.99,3.94
2015-07-20,84.48,92.2,90.55,84.48,30947.0,6.13,7.26,85.078,84.665,98.807,27061.58,25324.46,22818.07,3.77
2015-07-17,77.99,85.1,84.42,75.05,33678.62,6.43,8.24,83.468,84.179,101.095,21340.97,26253.43,22440.37,4.1
2015-07-16,77.6,82.42,77.99,73.51,41989.03,-3.69,-4.52,81.584,85.258,103.929,20025.29,25428.63,23207.27,5.11
2015-07-15,92.0,92.0,81.68,81.68,23571.31,-9.07,-9.99,82.046,88.038,106.459,15770.85,22819.71,23171.51,2.87
2015-07-14,90.75,90.75,90.75,90.75,5121.95,8.25,10.0,83.554,91.24,108.384,15885.65,21468.26,23061.94,0.62
2015-07-13,82.5,82.5,82.5,82.5,2343.92,7.5,10.0,84.252,93.523,109.829,23587.34,22460.17,24680.87,0.29
2015-07-03,73.0,85.0,75.0,72.5,27100.24,-5.3,-6.6,84.89,96.623,112.004,31165.88,23907.01,27089.91,3.3
2015-07-02,89.0,89.97,80.3,80.3,20716.82,-8.92,-10.0,88.932,100.883,114.454,30831.96,22437.55,28107.92,2.52
2015-07-01,90.6,99.25,89.22,87.02,24145.32,-5.02,-5.33,94.03,105.753,117.119,29868.58,22519.15,29000.83,2.94
2015-06-30,82.0,94.26,94.24,77.12,43630.42,8.55,9.98,98.926,109.604,119.614,27050.86,22009.49,30069.03,5.31
2015-06-29,94.0,95.21,85.69,85.69,40236.62,-9.52,-10.0,102.794,112.95,121.929,21332.99,20311.69,30959.26,4.9
2015-06-26,100.5,101.0,95.21,95.21,25430.64,-10.58,-10.0,108.356,118.011,124.555,16648.13,18627.31,32637.64,3.09
2015-06-25,114.8,115.97,105.79,104.88,15899.9,-7.91,-6.96,112.834,122.6,127.041,14043.13,20985.92,31559.73,1.93
2015-06-24,113.02,117.0,113.7,110.0,10056.74,0.12,0.11,117.476,124.879,128.339,15169.72,23523.3,30797.37,1.22
2015-06-23,117.95,117.95,113.58,104.78,15041.06,0.08,0.07,120.282,125.529,128.642,16968.12,24655.63,30310.69,1.83
2015-06-19,115.0,116.8,113.5,110.37,16812.3,-4.1,-3.49,123.106,126.135,128.408,19290.38,26901.56,29579.35,2.05
2015-06-18,128.0,128.0,117.6,117.6,12405.66,-11.4,-8.84,127.666,127.385,127.682,20606.49,30272.82,28740.67,1.51
2015-06-17,127.85,133.57,129.0,119.96,21532.85,1.27,0.99,132.366,128.025,126.301,27928.7,33778.3,28120.55,2.62
2015-06-16,124.0,132.16,127.73,122.0,19048.73,0.03,0.02,132.282,128.485,123.941,31876.88,35482.5,27048.66,2.32
2015-06-15,134.5,135.86,127.7,123.61,26652.35,-8.6,-6.31,130.776,129.625,121.272,32343.14,38128.57,26101.54,3.24
2015-06-12,141.1,142.99,136.3,135.65,23392.87,-4.8,-3.4,129.164,130.907,125.037,34512.75,41606.84,25817.22,2.85
2015-06-11,128.0,141.18,141.1,126.05,49016.72,12.52,9.74,127.104,131.099,127.532,39939.15,46647.97,25130.52,5.96
2015-06-10,120.5,130.49,128.58,117.99,41273.74,8.38,6.97,123.684,131.482,129.974,39627.89,42133.54,23097.19,5.02
2015-06-09,119.64,121.88,120.2,117.0,21380.04,0.56,0.47,124.688,131.799,132.99,39088.12,38071.44,21468.62,2.6
2015-06-08,126.87,130.45,119.64,117.6,37500.37,-6.36,-5.05,128.474,131.756,135.98,43913.99,35965.74,21026.65,4.56
2015-06-05,128.89,128.89,126.0,117.8,50524.86,2.0,1.61,132.65,130.68,139.599,48700.94,32257.14,20200.93,6.15
2015-06-04,135.0,135.7,124.0,120.24,47460.44,-9.6,-7.19,135.094,127.978,143.247,53356.8,27208.52,19042.92,5.77
2015-06-03,143.0,145.0,133.6,131.21,38574.89,-5.53,-3.98,139.28,124.576,146.15,44639.19,22462.81,17036.0,4.69
2015-06-02,137.4,149.0,139.13,135.3,45509.41,-1.39,-0.99,138.91,119.396,147.745,37054.76,18614.82,15578.97,5.54
2015-06-01,136.59,143.5,140.52,129.21,61435.1,2.3,1.66,135.038,112.919,148.712,28017.49,14074.5,13717.43,7.47
2015-05-29,150.0,150.0,138.22,133.0,73804.16,-6.71,-4.63,128.71,119.167,149.938,15813.34,10027.6,11312.5,8.98
2015-05-28,144.93,144.93,144.93,144.93,3872.38,13.18,10.0,120.862,123.965,150.528,1060.23,3613.06,7907.94,0.47
2015-05-27,131.75,131.75,131.75,131.75,652.73,11.98,10.0,109.872,128.467,150.923,286.43,4060.84,8103.23,0.08
2015-05-26,119.77,119.77,119.77,119.77,323.06,10.89,10.0,99.882,134.182,151.768,174.89,4865.8,8262.2,0.04
2015-05-25,108.88,108.88,108.88,108.88,414.36,9.9,10.0,90.8,140.205,153.155,131.52,6087.56,8442.08,0.05
2015-05-22,98.98,98.98,98.98,98.98,38.64,9.0,10.0,109.624,148.517,155.306,4241.86,8144.72,8614.47,0.0
2015-05-21,89.98,89.98,89.98,89.98,3.36,8.18,10.0,127.068,158.516,158.092,6165.89,10877.33,8893.32,0.0
2015-05-20,81.8,81.8,81.8,81.8,95.03,7.44,10.01,147.062,167.723,161.081,7835.25,11609.19,9116.93,0.01
2015-05-19,74.36,74.36,74.36,74.36,106.2,6.76,10.0,168.482,176.093,164.256,9556.72,12543.11,9325.43,0.01
2015-04-01,189.0,204.66,203.0,188.2,20966.07,16.8,9.02,189.61,184.505,167.808,12043.59,13360.35,9481.96,7.66
2015-03-31,188.7,188.7,186.2,170.96,9658.81,-3.75,-1.97,187.41,180.708,165.067,12047.58,12597.4,8804.78,3.53
2015-03-30,192.63,196.5,189.95,188.0,8350.13,1.05,0.56,189.964,177.091,163.067,15588.77,12202.81,8656.79,3.05
2015-03-27,180.0,196.0,188.9,178.01,8702.37,8.9,4.94,188.384,173.378,160.592,15383.13,12145.62,8407.26,3.18
2015-03-26,187.78,187.78,180.0,174.0,12540.59,-12.0,-6.25,183.704,169.354,158.165,15529.51,11658.59,8119.52,4.58
2015-03-25,193.99,195.89,192.0,187.63,20985.99,-6.97,-3.5,179.4,166.104,156.18,14677.11,10796.6,7663.34,7.66
2015-03-24,191.2,200.26,198.97,185.03,27364.75,16.92,9.29,174.006,162.095,153.475,13147.22,9084.23,6807.66,9.99
2015-03-23,171.0,182.05,182.05,169.5,7321.93,16.55,10.0,164.218,157.668,150.569,8816.86,6909.31,5443.87,2.67
2015-03-20,159.29,167.77,165.5,157.6,9434.28,7.02,4.43,158.372,154.438,148.491,8908.11,6624.68,5329.11,3.44
2015-03-19,163.0,165.03,158.48,156.78,8278.61,-6.55,-3.97,155.004,152.418,147.38,7787.67,6107.76,5276.95,3.02
2015-03-18,150.37,165.03,165.03,148.0,13336.53,15.0,10.0,152.808,151.11,146.47,6916.09,5603.58,5213.08,4.87
2015-03-17,152.8,155.9,150.03,150.0,5712.96,-2.79,-1.83,150.184,149.427,144.797,5021.24,5012.17,4688.09,2.09
2015-03-16,149.0,153.47,152.82,146.77,7778.15,4.16,2.8,151.118,149.044,144.003,5001.75,5110.76,4545.05,2.84
2015-03-13,147.61,154.63,148.66,146.58,3832.1,1.16,0.79,150.504,147.806,142.832,4341.24,4668.9,4241.73,1.4
2015-03-12,153.07,155.2,147.5,147.01,3920.72,-4.41,-2.9,149.832,146.976,141.775,4427.84,4580.46,4156.36,1.43
2015-03-11,154.7,154.7,151.91,151.12,3862.26,-2.79,-1.8,149.412,146.256,140.81,4291.06,4530.08,4269.31,1.41
2015-03-10,149.75,155.9,154.7,149.74,5615.51,4.95,3.31,148.67,144.854,140.015,5003.1,4531.09,4459.59,2.05
2015-03-09,145.78,149.99,149.75,143.21,4475.63,4.45,3.06,146.97,143.47,139.306,5219.77,3978.44,4436.02,1.63
2015-03-06,145.23,146.98,145.3,140.2,4265.09,-0.1,-0.07,145.108,142.544,138.684,4996.56,4033.55,4524.81,1.56
2015-03-05,147.93,149.9,145.4,144.95,3236.81,-2.8,-1.89,144.12,142.342,138.241,4733.07,4446.14,4573.48,1.18
2015-03-04,149.0,149.0,148.2,144.07,7422.45,2.0,1.37,143.1,141.83,137.822,4769.09,4822.59,4842.02,2.71
2015-03-03,139.02,149.38,146.2,138.0,6698.86,5.76,4.1,141.038,140.166,137.639,4059.09,4364.01,4890.85,2.45
2015-03-02,140.0,141.96,140.44,138.93,3359.57,0.08,0.06,139.97,138.961,137.98,2737.12,3979.33,5016.1,1.23
2015-02-27,139.98,140.8,140.36,137.52,2947.68,0.06,0.04,139.98,137.857,137.914,3070.55,3814.56,5079.54,1.08
2015-02-26,137.89,141.0,140.3,137.45,3416.91,2.41,1.75,140.564,136.574,137.514,4159.2,3732.26,5198.46,1.25
2015-02-25,141.2,141.99,137.89,136.0,3872.42,-2.6,-1.85,140.56,135.364,137.199,4876.08,4008.55,5194.25,1.41
2015-02-24,140.73,141.99,140.86,140.5,89.0,0.37,0.26,139.294,135.175,136.688,4668.93,4388.08,5069.21,0.03
2015-02-17,143.3,143.99,140.49,138.0,5026.75,-2.79,-1.95,137.952,135.142,136.079,5221.55,4893.59,5140.32,1.84
2015-02-16,137.1,145.78,143.28,137.0,8390.92,3.0,2.14,135.734,134.823,135.568,4558.57,5016.07,5002.56,3.06
2015-02-13,132.01,143.11,140.28,131.0,7001.32,8.72,6.63,132.584,134.14,134.893,3305.32,4700.82,4760.65,2.56
2015-02-12,131.3,133.9,131.56,130.8,2836.64,-2.59,-1.93,130.168,133.813,134.146,3141.02,4861.44,4560.68,1.04
2015-02-11,129.33,134.8,134.15,128.52,2852.13,4.75,3.67,131.056,135.112,133.868,4107.23,5417.69,4718.87,1.04
2015-02-10,127.01,129.49,129.4,126.24,1711.85,1.87,1.47,132.332,136.999,133.191,4565.63,6052.87,4769.91,0.63
2015-02-09,125.1,133.0,127.53,125.1,2124.66,-0.67,-0.52,133.912,137.97,132.691,5473.56,6344.51,5006.31,0.78
2015-02-06,135.7,135.88,128.2,126.5,6179.82,-7.8,-5.74,135.696,138.454,132.058,6096.31,6664.65,5244.93,2.26
2015-02-05,140.0,140.55,136.0,134.0,7667.71,-4.53,-3.22,137.458,139.034,131.658,6581.87,6379.94,5545.59,2.8
2015-02-04,137.99,143.0,140.53,137.1,5144.11,3.23,2.35,139.168,138.2,130.661,6728.15,5750.33,5443.18,1.88
2015-02-03,135.01,139.87,137.3,133.0,6251.49,0.85,0.62,141.666,137.015,129.709,7540.1,5387.04,5677.13,2.28
2015-02-02,133.27,140.0,136.45,133.0,5238.44,-0.56,-0.41,142.028,136.313,129.295,7215.47,4989.05,5592.7,1.91
2015-01-30,143.82,144.47,137.01,131.05,8607.58,-7.54,-5.22,141.212,135.647,129.052,7233.0,4820.48,5602.71,3.14
2015-01-29,148.86,148.86,144.55,140.01,8399.13,-8.47,-5.54,140.61,134.478,128.494,6178.01,4259.92,5328.74,3.07
2015-01-21,141.0,153.02,153.02,138.0,9203.86,13.91,10.0,137.232,132.623,127.467,4772.51,4020.05,5224.89,6.31
2015-01-20,133.0,141.35,139.11,131.0,4628.34,6.74,5.09,132.364,129.382,126.09,3233.98,3486.96,5041.11,3.18
2015-01-19,130.58,140.66,132.37,129.0,5326.07,-1.63,-1.22,130.598,127.411,125.836,2762.63,3668.1,5065.38,3.65
2015-01-16,128.55,135.0,134.0,127.01,3332.67,6.34,4.97,130.082,125.662,126.007,2407.96,3825.2,5180.83,2.29
2015-01-15,127.3,130.6,127.66,127.3,1371.61,-1.02,-0.79,128.346,124.282,125.957,2341.83,4711.25,5261.92,0.94
2015-01-14,131.01,132.0,128.68,127.03,1511.2,-1.6,-1.23,128.014,123.122,126.202,3267.58,5136.03,5411.39,1.04
2015-01-13,129.49,131.99,130.28,128.05,2271.61,0.49,0.38,126.4,122.404,126.518,3739.95,5967.21,5749.91,1.56
2015-01-12,124.0,132.02,129.79,124.0,3552.71,4.47,3.57,124.224,122.277,126.439,4573.57,6196.35,5883.95,2.44
2015-01-09,125.8,128.3,125.32,124.02,3002.02,-0.68,-0.54,121.242,122.457,126.364,5242.44,6384.94,6068.72,2.06
2015-01-08,119.06,129.0,126.0,119.06,6000.37,5.39,4.47,120.218,122.51,126.348,7080.67,6397.56,6610.96,4.12
2015-01-07,119.26,123.58,120.61,116.33,3873.04,1.21,1.01,118.23,122.31,126.46,7004.47,6429.73,7061.62,2.66
2015-01-06,114.12,120.68,119.4,113.0,6439.7,4.52,3.94,118.408,122.799,127.555,8194.48,6595.26,7242.87,4.42
2015-01-05,116.0,117.88,114.88,112.12,6897.06,-5.32,-4.43,120.33,124.26,129.14,7819.13,6462.65,7553.69,4.73
2014-12-31,116.0,120.3,120.2,104.8,12193.16,4.14,3.57,123.672,126.352,130.764,7527.44,6536.45,8096.46,8.37
2014-12-30,120.0,122.9,116.06,114.5,5619.4,-5.44,-4.48,124.802,127.632,131.452,5714.45,5812.6,7702.63,3.86
2014-12-29,127.98,127.98,121.5,117.46,9823.06,-7.51,-5.82,126.39,129.283,132.249,5854.99,5686.75,7708.05,6.74
2014-12-26,130.79,130.9,129.01,128.04,4562.98,-2.58,-1.96,127.19,130.633,132.724,4996.04,5532.61,7818.41,3.13
2014-12-25,125.38,132.99,131.59,125.38,5438.61,5.74,4.56,128.19,130.601,132.823,5106.17,5571.56,8085.76,3.73
2014-12-24,124.23,127.75,125.85,124.22,3128.2,1.85,1.49,129.032,130.272,133.104,5545.47,5752.5,8318.46,2.15
2014-12-23,125.03,132.61,124.0,122.1,6322.12,-1.5,-1.2,130.462,130.186,133.891,5910.75,6824.36,9099.75,4.34
2014-12-22,130.15,133.1,125.5,122.01,5528.28,-8.51,-6.35,132.176,130.611,134.533,5518.5,7693.51,9438.96,3.79
2014-12-19,135.85,136.0,134.01,128.0,5113.65,-1.79,-1.32,134.076,132.311,134.988,6069.18,7890.48,9571.04,3.51
2014-12-18,132.5,138.78,135.8,132.0,7635.08,2.8,2.1,133.012,134.02,134.906,6036.94,8644.73,9941.09,5.24
2014-12-17,132.9,135.94,133.0,130.06,4954.6,0.43,0.32,131.512,135.176,134.98,5959.52,9656.46,10332.81,3.4
2014-12-16,133.92,135.9,132.57,131.03,4360.89,-2.43,-1.8,129.91,135.272,134.57,7737.97,9592.66,10417.58,2.99
2014-12-15,127.1,138.3,135.0,127.1,8281.69,6.31,4.9,129.046,135.215,134.181,9868.53,9729.34,10434.63,5.68
2014-12-12,128.24,131.87,128.69,126.0,4952.45,0.39,0.3,130.546,134.815,133.697,9711.77,10104.21,10571.47,3.4
2014-12-11,124.0,131.79,128.3,122.0,7247.99,3.31,2.65,135.028,135.045,133.662,11252.52,10599.96,10701.36,4.97
2014-12-10,127.0,136.66,124.99,115.55,13846.83,-3.26,-2.54,138.84,135.935,133.599,13353.4,10884.43,10782.68,9.5
2014-12-09,140.25,142.0,128.25,128.25,15013.67,-14.25,-10.0,140.634,137.596,133.849,11447.35,11375.14,10660.49,10.3
2014-12-08,146.95,153.58,142.5,142.1,7497.91,-8.6,-5.69,141.384,138.456,133.836,9590.16,11184.4,10490.56,5.14
2014-12-05,142.18,157.5,151.1,138.0,12656.22,3.74,2.54,139.084,137.666,133.101,10496.65,11251.61,10426.12,8.68
2014-12-04,138.0,147.36,147.36,134.0,17752.39,13.4,10.0,135.062,135.791,131.868,9947.39,11237.44,10236.43,12.18
2014-11-19,131.22,135.79,133.96,131.22,4316.54,1.96,1.49,133.03,134.784,130.614,8415.46,11009.15,9929.35,2.96
2014-11-18,130.88,132.67,132.0,129.0,5727.76,1.0,0.76,134.558,133.869,130.282,11302.92,11242.51,10218.96,3.93
2014-11-17,130.0,136.0,131.0,129.2,12030.33,0.01,0.01,135.528,133.148,129.832,12778.63,11139.92,10539.65,8.25
2014-11-14,136.0,136.99,130.99,127.5,9909.93,-6.21,-4.53,136.248,132.578,129.26,12006.56,11038.72,10420.41,6.8
2014-11-13,137.0,140.99,137.2,133.1,10092.72,-4.4,-3.11,136.52,132.278,128.724,12527.5,10802.77,10604.35,6.92
2014-11-12,134.9,144.49,141.6,134.8,18753.88,4.75,3.47,136.538,131.263,127.764,13602.84,10680.93,11114.41,12.87
2014-11-11,134.2,138.0,136.85,130.51,13106.3,2.25,1.67,133.18,130.101,126.394,11182.1,9945.85,10916.98,8.99
2014-11-10,132.35,135.0,134.6,130.84,8169.99,2.25,1.7,130.768,129.216,124.742,9501.2,9796.71,10639.18,5.61
2014-11-07,139.0,139.0,132.35,131.0,12514.59,-4.94,-3.6,128.908,128.536,123.062,10070.88,9600.64,10611.58,8.59
2014-11-06,125.25,137.29,137.29,123.89,15469.43,12.48,10.0,128.036,127.945,121.555,9078.04,9235.42,10313.36,10.61
2014-11-05,124.8,128.3,124.81,123.81,6650.17,0.02,0.02,125.988,126.445,119.766,7759.02,8849.56,10100.58,4.56
2014-11-04,123.5,126.8,124.79,122.81,4701.82,-0.51,-0.41,127.022,126.695,118.74,8709.6,9195.41,10263.22,3.23
2014-11-03,129.0,129.99,125.3,122.0,11018.4,-2.69,-2.1,127.664,126.516,117.753,10092.23,9939.38,10811.05,7.56
2014-10-31,126.5,132.3,127.99,126.5,7550.36,0.94,0.74,128.164,125.941,116.709,9130.39,9802.1,11987.52,5.18
2014-10-30,129.73,130.2,127.05,126.0,8874.36,-2.93,-2.25,127.854,125.17,115.259,9392.81,10405.93,11801.84,6.09
2014-10-29,127.21,134.02,129.98,125.51,11403.04,1.98,1.55,126.902,124.265,113.406,9940.1,11547.88,12308.32,7.82
2014-10-28,127.6,128.6,128.0,123.5,11614.97,0.2,0.16,126.368,122.687,111.14,9681.22,11888.12,12349.93,7.97
2014-10-27,125.5,128.5,127.8,123.01,6209.21,1.36,1.08,125.368,120.269,108.989,9786.53,11481.66,12344.04,4.26
2014-10-24,121.8,128.0,126.44,120.83,8862.48,4.15,3.39,123.718,117.589,106.869,10473.82,11622.52,12633.54,6.08
2014-10-23,126.51,129.8,122.29,121.86,11610.8,-5.02,-3.94,122.486,115.165,104.822,11419.05,11391.29,12756.64,7.97
2014-10-22,122.32,130.3,127.31,122.32,10108.65,4.31,3.5,121.628,113.087,102.942,13155.66,11351.59,12750.93,6.94
2014-10-21,119.48,127.88,123.0,118.94,12141.51,3.45,2.89,119.006,110.785,100.762,14095.02,11331.02,12740.37,8.33
2014-10-20,118.0,121.78,119.55,116.68,9645.66,-0.73,-0.61,115.17,108.991,98.615,13176.78,11682.73,12563.6,6.62
2014-10-17,120.53,123.6,120.28,118.02,13588.63,2.28,1.93,111.46,107.476,96.582,12771.22,14172.94,12351.56,9.32
2014-10-16,114.98,124.97,118.0,114.98,20293.87,3.8,3.33,107.844,105.348,94.468,11363.53,13197.74,12311.54,13.92
2014-10-15,103.5,114.2,114.2,103.03,14805.42,10.38,10.0,104.546,102.548,92.593,9547.52,13068.76,11903.27,10.16
2014-10-14,100.57,105.98,103.82,100.57,7550.32,2.82,2.79,102.564,99.592,90.891,8567.03,12811.75,11708.39,5.18
2014-10-13,101.99,102.49,101.0,98.51,7617.86,-1.2,-1.17,102.812,97.708,89.829,10188.68,13206.43,12250.76,5.23
2014-10-10,102.0,102.58,102.2,100.19,6550.17,0.69,0.68,103.492,96.148,88.669,15574.66,13644.57,12255.32,4.49
2014-10-09,103.99,106.38,101.51,100.3,11213.85,-2.78,-2.67,102.852,94.478,87.434,15031.96,14122.0,12361.35,7.69
2014-10-08,103.05,106.16,104.29,102.0,9902.93,-0.77,-0.73,100.55,92.797,86.399,16590.0,14150.27,12291.98,6.79
2014-09-30,108.0,110.0,105.06,102.0,15658.58,0.66,0.63,96.62,90.739,85.075,17056.47,14149.72,12243.62,10.74
2014-09-29,102.99,108.09,104.4,98.01,34547.78,5.4,5.46,92.604,88.238,83.747,16224.19,13444.48,11856.28,23.7
2014-09-26,99.0,99.0,99.0,99.0,3836.66,9.0,10.0,88.804,85.687,82.412,11714.47,10530.17,11023.82,2.63
2014-06-12,84.0,91.0,90.0,83.4,19004.05,5.36,6.33,86.104,83.587,81.306,13212.03,11425.34,11432.9,13.04
2014-06-11,84.48,85.93,84.64,82.18,12235.27,-0.34,-0.4,85.044,82.637,80.679,11710.54,10737.79,11298.06,8.39
2014-06-10,85.4,85.99,84.98,82.3,11497.18,-0.42,-0.49,84.858,82.19,80.108,11242.97,10605.03,11305.24,7.89
2014-06-09,85.13,88.88,85.4,84.32,11999.19,0.1,0.12,83.872,81.95,79.508,10664.76,11295.09,11659.53,8.23
2014-06-06,84.5,86.78,85.5,82.9,11324.48,0.8,0.94,82.57,81.189,78.527,9345.87,10866.08,11212.87,7.77
2014-06-05,83.59,85.2,84.7,82.77,11496.57,0.99,1.18,81.07,80.389,77.479,9638.64,10600.7,10904.66,7.89
2014-06-04,80.08,84.84,83.71,78.72,9897.41,3.66,4.57,80.23,80.0,76.594,9765.04,10433.69,10686.36,6.79
2014-06-03,78.67,82.36,80.05,77.2,8606.16,1.16,1.47,79.522,79.411,75.744,9967.09,10337.51,10472.22,5.9
2014-05-30,77.88,79.65,78.89,77.21,5404.75,0.89,1.14,80.028,79.256,75.024,11925.42,10268.09,10271.61,3.71
2014-05-29,80.0,80.0,78.0,76.2,12788.32,-2.5,-3.11,79.808,79.137,74.304,12386.29,11517.46,10127.17,8.77
2014-05-28,81.3,81.77,80.5,79.64,12128.54,0.33,0.41,79.708,79.025,73.615,11562.76,11440.45,9671.19,8.32
2014-05-27,82.01,82.48,80.17,79.4,10907.7,-2.41,-2.92,79.77,78.72,72.738,11102.35,11858.33,9360.57,7.48
2014-05-26,80.08,84.88,82.58,78.89,18397.77,4.79,6.16,79.3,78.025,72.015,10707.93,12005.45,9113.71,12.62
2014-05-23,76.91,78.5,77.79,75.88,7709.1,0.29,0.37,78.484,77.065,71.276,8610.77,12023.98,8404.09,5.29
2014-05-22,80.22,81.5,77.5,76.88,8670.69,-3.31,-4.1,78.466,75.865,70.855,10648.64,11559.66,8223.02,5.95
2014-05-21,76.86,81.2,80.81,75.1,9826.5,2.99,3.84,78.342,74.568,70.424,11318.15,11208.62,8302.24,6.74
2014-05-20,79.4,82.99,77.82,77.6,8935.6,-0.68,-0.87,77.67,73.187,69.894,12614.31,10939.04,8317.93,6.13
2014-05-19,76.21,80.0,78.5,76.21,7911.97,0.8,1.03,76.75,72.077,69.491,13302.97,10606.93,8029.34,5.43
2014-05-16,76.07,83.4,77.7,76.0,17898.45,0.82,1.07,75.646,70.791,69.036,15437.19,10275.13,7835.32,12.28
2014-05-15,77.2,78.5,76.88,76.3,12018.21,-0.57,-0.74,73.264,69.471,68.64,12470.67,8736.87,7254.88,8.25
2014-05-14,72.21,79.77,77.45,71.51,16307.31,4.23,5.78,70.794,68.205,68.395,11099.09,7901.94,6870.79,11.19
2014-05-13,72.7,74.5,73.22,71.66,12378.9,0.24,0.33,68.704,66.756,68.062,9263.76,6862.81,6353.43,8.49
2014-05-12,71.9,74.6,72.98,70.01,18583.07,2.0,2.82,67.404,66.004,67.975,7910.89,6221.96,6230.94,12.75
2014-05-09,64.3,65.86,65.79,64.3,3065.85,1.26,1.95,65.936,65.487,68.059,5113.06,4784.2,6022.9,2.1
2014-05-08,66.66,67.5,64.53,64.5,5160.32,-2.47,-3.69,65.678,65.845,68.415,5003.07,4886.38,6410.45,3.54
2014-05-07,66.0,68.33,67.0,65.55,7130.67,0.28,0.42,65.616,66.28,68.834,4704.78,5395.87,6827.84,4.89
2014-05-06,65.6,67.97,66.72,65.15,5614.54,1.08,1.65,64.808,66.601,69.024,4461.85,5696.82,6959.33,3.85
2014-05-05,63.69,65.94,65.64,63.69,4593.93,1.14,1.77,64.604,66.904,69.298,4533.03,5451.75,7662.19,3.15
2014-04-30,64.3,65.2,64.5,63.65,2515.87,0.28,0.44,65.038,67.281,69.751,4455.33,5395.52,8121.85,1.73
2014-04-29,62.56,64.49,64.22,62.56,3668.9,1.26,2.0,66.012,67.808,70.272,4769.69,5772.89,8781.83,2.52
2014-04-28,65.03,65.4,62.96,62.52,5916.03,-2.74,-4.17,66.944,68.584,70.642,6086.96,5839.64,9526.73,4.06
2014-04-25,67.76,68.58,65.7,65.43,5970.43,-2.11,-3.11,68.394,69.368,70.867,6931.79,5844.06,9846.11,4.1
2014-04-24,68.8,69.3,67.81,67.5,4205.44,-1.56,-2.25,69.204,69.946,70.917,6370.46,6239.92,10134.7,2.89
2014-04-23,67.89,70.11,69.37,67.64,4087.63,0.49,0.71,69.524,70.63,71.008,6335.71,7261.59,10558.14,2.8
2014-04-22,70.2,71.3,68.88,66.8,10255.28,-1.33,-1.89,69.604,70.985,70.953,6776.1,7934.52,11322.25,7.04
2014-04-21,69.45,72.68,70.21,69.0,10140.15,0.46,0.66,70.224,71.387,71.054,5592.31,8259.81,11846.69,6.96
2014-04-18,69.37,70.14,69.75,69.0,3163.8,0.34,0.49,70.342,71.446,71.409,4756.33,8221.84,12267.37,2.17
2014-04-17,69.88,71.73,69.41,69.32,4031.69,-0.36,-0.52,70.688,71.691,71.661,6109.39,9872.63,13166.15,2.77
2014-04-16,71.55,71.86,69.77,69.1,6289.59,-2.21,-3.07,71.736,72.22,71.887,8187.48,10848.19,13693.24,4.32
2014-04-15,70.8,72.5,71.98,70.45,4336.32,1.18,1.67,72.366,72.736,72.198,9092.95,11790.77,14605.33,2.98
2014-04-14,70.99,71.77,70.8,70.01,5960.24,-0.68,-0.95,72.55,72.699,72.349,10927.31,13213.83,14993.37,4.09
2014-04-11,72.62,74.49,71.48,71.48,9929.1,-3.17,-4.25,72.55,72.367,72.582,11687.35,13848.17,15690.72,6.81
2014-04-10,72.92,76.6,74.65,72.92,14422.13,1.73,2.37,72.694,71.887,72.706,13635.88,14029.48,16083.15,9.9
2014-04-09,72.48,74.7,72.92,72.3,10816.95,0.02,0.03,72.704,71.385,72.562,13508.9,13854.68,16387.7,7.42
2014-04-08,70.19,73.49,72.9,68.0,13508.12,2.1,2.97,73.106,70.921,72.601,14488.59,14709.98,17034.29,9.27
2014-04-04,71.88,71.95,70.8,69.13,9760.44,-1.4,-1.94,72.848,70.721,72.629,15500.36,15433.56,18268.61,6.7
2014-04-03,72.0,74.0,72.2,70.05,19671.75,-2.5,-3.35,72.184,71.371,73.079,16008.99,16312.91,19508.01,13.5
2014-04-02,74.2,76.33,74.7,72.82,13787.23,-0.23,-0.31,71.08,71.63,73.549,14423.07,16459.67,20325.13,9.46
2014-04-01,70.77,75.4,74.93,70.77,15715.39,3.32,4.64,70.066,71.553,73.934,14200.46,16538.29,21482.98,10.78
2014-03-31,67.21,74.2,71.61,67.21,18566.97,4.13,6.12,68.736,71.66,74.189,14931.37,17419.89,23561.78,12.74
2014-03-28,67.0,69.9,67.48,66.08,12303.62,0.8,1.2,68.594,71.999,74.799,15366.77,16772.9,25005.54,8.44
2014-03-27,69.08,69.45,66.68,66.33,11742.16,-2.95,-4.24,70.558,72.796,75.62,16616.82,17533.27,26704.35,8.06
2014-03-26,68.25,70.1,69.63,67.77,12674.17,1.35,1.98,72.18,73.526,76.501,18496.27,18136.81,29492.56,8.7
2014-03-25,70.25,71.02,68.28,67.31,19369.94,-2.62,-3.69,73.04,73.738,77.582,18876.13,18920.72,33013.46,13.29
2014-03-24,76.2,77.73,70.9,70.51,20743.96,-6.4,-8.28,74.584,74.28,78.529,19908.41,19358.6,36967.44,14.23
2014-03-21,73.5,78.13,77.3,72.51,18553.87,2.51,3.36,75.404,74.537,78.948,18179.03,21103.65,36379.14,12.73
2014-03-20,73.78,78.08,74.79,73.32,21139.41,0.86,1.16,75.034,74.787,78.687,18449.73,22703.11,36781.95,14.5
2014-03-19,75.22,75.33,73.93,73.0,14573.46,-2.07,-2.72,74.872,75.467,78.224,17777.36,24190.58,35755.46,10.0
2014-03-18,74.98,78.46,76.0,74.01,24531.33,1.0,1.33,74.436,76.315,77.506,18965.31,26427.66,35109.03,16.83
2014-03-17,74.99,75.7,75.0,73.7,12097.07,-0.45,-0.6,73.976,76.718,76.413,18808.79,29703.68,33991.03,8.3
2014-03-14,73.05,76.5,75.45,72.58,19907.36,1.47,1.99,73.67,77.599,75.125,24028.28,33238.19,33734.09,13.66
2014-03-13,71.38,74.48,73.98,71.38,17777.57,2.23,3.11,74.54,78.444,73.59,26956.49,35875.43,32900.38,12.2
2014-03-12,73.44,74.82,71.75,70.41,20513.2,-1.95,-2.65,76.062,79.475,71.925,30603.8,40848.3,32102.2,14.07
2014-03-11,74.44,75.15,73.7,71.5,23748.76,0.23,0.31,78.194,81.425,70.187,33890.0,47106.21,31338.23,16.29
2014-03-10,75.1,78.0,73.47,72.82,38194.5,-6.33,-7.93,79.46,82.777,68.183,40598.56,54576.29,30576.46,26.21
2014-03-07,81.01,85.33,79.8,79.8,34548.41,-1.79,-2.19,81.528,83.359,67.904,42448.1,51654.62,30175.51,23.7
2014-03-06,81.61,82.76,81.59,77.38,36014.15,-0.82,-0.99,82.348,82.587,67.243,44794.37,50860.79,29932.57,24.71
2014-03-05,79.55,84.3,82.41,78.7,36944.2,2.38,2.97,82.888,80.981,66.399,51092.79,47320.34,29574.83,25.35
2014-03-04,82.35,87.59,80.03,78.91,57291.54,-3.78,-4.51,84.656,78.697,65.399,60322.41,43790.4,29114.25,39.31
2014-03-03,82.5,86.4,83.81,80.1,47442.19,-0.09,-0.11,86.094,76.109,64.423,68554.01,38278.38,27235.76,32.55
2014-02-28,81.1,86.48,83.9,80.57,46279.75,-0.39,-0.46,85.19,72.651,63.039,60861.14,34230.0,25792.45,31.75
2014-02-27,91.85,91.99,84.29,82.13,67506.29,-6.96,-7.63,82.826,68.736,61.434,56927.22,29925.32,24216.5,46.32
2014-02-26,86.0,92.9,91.25,85.01,83092.27,4.03,4.62,79.074,64.375,59.529,43547.89,23356.11,20609.02,57.01
2014-02-25,87.22,87.22,87.22,85.8,98449.55,7.93,10.0,72.738,58.948,56.645,27258.4,15570.26,14928.72,67.55
2014-02-19,79.29,79.29,79.29,79.29,8977.84,7.21,10.0,66.124,53.588,53.588,8002.76,6576.64,6576.64,6.16
2014-02-18,72.08,72.08,72.08,72.08,26610.15,6.55,9.99,60.112,50.732,50.732,7598.86,6309.84,6309.84,18.26
2014-02-17,65.53,65.53,65.53,65.53,609.65,5.96,10.01,54.646,48.064,48.064,2923.43,3772.3,3772.3,0.42
2014-02-11,59.57,59.57,59.57,59.57,1644.79,5.42,10.01,49.676,45.569,45.569,3164.32,4224.11,4224.11,1.13
2014-02-10,54.15,54.15,54.15,54.15,2171.36,4.92,9.99,45.158,43.235,43.235,3882.12,4653.99,4653.99,1.49
2014-02-07,49.23,49.23,49.23,49.23,6958.35,4.48,10.01,41.052,41.052,41.052,5150.52,5150.52,5150.52,4.77
2014-01-28,44.75,44.75,44.75,44.75,3232.98,4.07,10.01,39.008,39.008,39.008,4698.56,4698.56,4698.56,2.22
2014-01-27,40.68,40.68,40.68,40.68,1814.11,3.7,10.01,37.093,37.093,37.093,5187.09,5187.09,5187.09,1.24
2014-01-24,36.98,36.98,36.98,36.98,5233.78,3.36,9.99,35.3,35.3,35.3,6873.58,6873.58,6873.58,3.59
2014-01-23,27.78,33.62,33.62,27.78,8513.38,10.47,45.23,33.62,33.62,33.62,8513.38,8513.38,8513.38,5.84
